{"proxies":{"ti.bluetooth.central.TiBluetoothCentralManagerProxy":{"superPackageName":"org.appcelerator.kroll","methods":{"getState":{"runOnUiThread":false,"hasInvocation":false,"args":[],"apiName":"getState","converter":"org.appcelerator.kroll.KrollConverter","defaultValueProvider":"org.appcelerator.kroll.KrollConverter","name":"__default_name__","returnType":"int"},"isScanning":{"runOnUiThread":false,"hasInvocation":false,"args":[],"apiName":"isScanning","converter":"org.appcelerator.kroll.KrollConverter","defaultValueProvider":"org.appcelerator.kroll.KrollConverter","name":"__default_name__","returnType":"boolean"},"getScanMode":{"runOnUiThread":false,"hasInvocation":false,"args":[],"apiName":"getScanMode","converter":"org.appcelerator.kroll.KrollConverter","defaultValueProvider":"org.appcelerator.kroll.KrollConverter","name":"__default_name__","returnType":"int"},"startScanWithServices":{"runOnUiThread":false,"hasInvocation":false,"args":[{"converter":"org.appcelerator.kroll.KrollConverter","defaultValueProvider":"org.appcelerator.kroll.KrollConverter","name":"services","sourceName":"services","type":"java.lang.String[]"}],"apiName":"startScanWithServices","converter":"org.appcelerator.kroll.KrollConverter","defaultValueProvider":"org.appcelerator.kroll.KrollConverter","name":"__default_name__","returnType":"void"},"setScanMode":{"runOnUiThread":false,"hasInvocation":false,"args":[{"converter":"org.appcelerator.kroll.KrollConverter","defaultValueProvider":"org.appcelerator.kroll.KrollConverter","name":"scanMode","sourceName":"scanMode","type":"int"}],"apiName":"setScanMode","converter":"org.appcelerator.kroll.KrollConverter","defaultValueProvider":"org.appcelerator.kroll.KrollConverter","name":"__default_name__","returnType":"void"},"stopScan":{"runOnUiThread":false,"hasInvocation":false,"args":[],"apiName":"stopScan","converter":"org.appcelerator.kroll.KrollConverter","defaultValueProvider":"org.appcelerator.kroll.KrollConverter","name":"__default_name__","returnType":"void"},"startScan":{"runOnUiThread":false,"hasInvocation":false,"args":[],"apiName":"startScan","converter":"org.appcelerator.kroll.KrollConverter","defaultValueProvider":"org.appcelerator.kroll.KrollConverter","name":"__default_name__","returnType":"void"},"cancelPeripheralConnection":{"runOnUiThread":false,"hasInvocation":false,"args":[{"converter":"org.appcelerator.kroll.KrollConverter","defaultValueProvider":"org.appcelerator.kroll.KrollConverter","name":"peripheral","sourceName":"peripheral","type":"ti.bluetooth.peripheral.TiBluetoothPeripheralProxy"}],"apiName":"cancelPeripheralConnection","converter":"org.appcelerator.kroll.KrollConverter","defaultValueProvider":"org.appcelerator.kroll.KrollConverter","name":"__default_name__","returnType":"void"},"connectPeripheral":{"runOnUiThread":false,"hasInvocation":false,"args":[{"converter":"org.appcelerator.kroll.KrollConverter","defaultValueProvider":"org.appcelerator.kroll.KrollConverter","name":"peripheral","sourceName":"peripheral","type":"ti.bluetooth.peripheral.TiBluetoothPeripheralProxy"},{"converter":"org.appcelerator.kroll.KrollConverter","defaultValueProvider":"org.appcelerator.kroll.KrollConverter","name":"properties","optional":true,"sourceName":"properties","type":"org.appcelerator.kroll.KrollDict"}],"apiName":"connectPeripheral","converter":"org.appcelerator.kroll.KrollConverter","defaultValueProvider":"org.appcelerator.kroll.KrollConverter","name":"__default_name__","returnType":"void"}},"dynamicProperties":{"scanMode":{"set":true,"nativeConverter":"org.appcelerator.kroll.KrollConverter","getMethodName":"getScanMode","setMethodName":"setScanMode","setMethodArgs":[{"converter":"org.appcelerator.kroll.KrollConverter","defaultValueProvider":"org.appcelerator.kroll.KrollConverter","name":"scanMode","sourceName":"scanMode","type":"int"}],"setDefaultProviders":["org.appcelerator.kroll.KrollConverter"],"converter":"org.appcelerator.kroll.KrollConverter","defaultValueProvider":"org.appcelerator.kroll.KrollConverter","retain":true,"javascriptConverter":"org.appcelerator.kroll.KrollConverter","getHasInvocation":false,"runOnUiThread":false,"getMethodArgs":[],"getReturnType":"int","setReturnType":"void","get":true,"name":"scanMode","setHasInvocation":false,"getDefaultProviders":[]},"state":{"set":false,"nativeConverter":"org.appcelerator.kroll.KrollConverter","getMethodName":"getState","converter":"org.appcelerator.kroll.KrollConverter","defaultValueProvider":"org.appcelerator.kroll.KrollConverter","javascriptConverter":"org.appcelerator.kroll.KrollConverter","getHasInvocation":false,"runOnUiThread":false,"getMethodArgs":[],"getReturnType":"int","get":true,"name":"state","setHasInvocation":false,"getDefaultProviders":[]}},"superProxyBindingClassName":"org.appcelerator.kroll.KrollProxyBindingGen","proxyClassName":"TiBluetoothCentralManagerProxy","proxyAttrs":{"propertyAccessors":[],"fullAPIName":"TiBluetooth.TiBluetoothCentralManager","name":"TiBluetoothCentralManager","proxyClassName":"ti.bluetooth.central.TiBluetoothCentralManagerProxy","isTopLevel":false,"id":"ti.bluetooth.central.TiBluetoothCentralManagerProxy","parentModule":"ti.bluetooth.TiBluetoothModule","creatableInModule":"org.appcelerator.kroll.annotations.Kroll.DEFAULT"},"packageName":"ti.bluetooth.central","sourceName":"ti.bluetooth.central.TiBluetoothCentralManagerProxyBindingGen","isTitaniumSdk":false,"superProxyClassName":"KrollProxy","isModule":false,"genClassName":"TiBluetoothCentralManagerProxyBindingGen"},"ti.bluetooth.peripheral.TiBluetoothPeripheralProxy":{"superPackageName":"org.appcelerator.kroll","methods":{"getName":{"runOnUiThread":false,"hasInvocation":false,"args":[],"apiName":"getName","converter":"org.appcelerator.kroll.KrollConverter","defaultValueProvider":"org.appcelerator.kroll.KrollConverter","name":"__default_name__","returnType":"java.lang.String"},"setNotifyValueForCharacteristic":{"runOnUiThread":false,"hasInvocation":false,"args":[{"converter":"org.appcelerator.kroll.KrollConverter","defaultValueProvider":"org.appcelerator.kroll.KrollConverter","name":"enabled","sourceName":"enabled","type":"boolean"},{"converter":"org.appcelerator.kroll.KrollConverter","defaultValueProvider":"org.appcelerator.kroll.KrollConverter","name":"characteristic","sourceName":"characteristic","type":"ti.bluetooth.gatt.TiBluetoothCharacteristicProxy"}],"apiName":"setNotifyValueForCharacteristic","converter":"org.appcelerator.kroll.KrollConverter","defaultValueProvider":"org.appcelerator.kroll.KrollConverter","name":"__default_name__","returnType":"void"},"discoverCharacteristicsForService":{"runOnUiThread":false,"hasInvocation":false,"args":[{"converter":"org.appcelerator.kroll.KrollConverter","defaultValueProvider":"org.appcelerator.kroll.KrollConverter","name":"args","sourceName":"args","type":"org.appcelerator.kroll.KrollDict"}],"apiName":"discoverCharacteristicsForService","converter":"org.appcelerator.kroll.KrollConverter","defaultValueProvider":"org.appcelerator.kroll.KrollConverter","name":"__default_name__","returnType":"void"},"writeValueForCharacteristicWithType":{"runOnUiThread":false,"hasInvocation":false,"args":[{"converter":"org.appcelerator.kroll.KrollConverter","defaultValueProvider":"org.appcelerator.kroll.KrollConverter","name":"value","sourceName":"value","type":"org.appcelerator.titanium.TiBlob"},{"converter":"org.appcelerator.kroll.KrollConverter","defaultValueProvider":"org.appcelerator.kroll.KrollConverter","name":"tiBluetoothCharacteristicProxy","sourceName":"tiBluetoothCharacteristicProxy","type":"ti.bluetooth.gatt.TiBluetoothCharacteristicProxy"},{"converter":"org.appcelerator.kroll.KrollConverter","defaultValueProvider":"org.appcelerator.kroll.KrollConverter","name":"writeType","sourceName":"writeType","type":"int"}],"apiName":"writeValueForCharacteristicWithType","converter":"org.appcelerator.kroll.KrollConverter","defaultValueProvider":"org.appcelerator.kroll.KrollConverter","name":"__default_name__","returnType":"void"},"getUuids":{"runOnUiThread":false,"hasInvocation":false,"args":[],"apiName":"getUuids","converter":"org.appcelerator.kroll.KrollConverter","defaultValueProvider":"org.appcelerator.kroll.KrollConverter","name":"__default_name__","returnType":"org.appcelerator.kroll.KrollDict"},"getAddress":{"runOnUiThread":false,"hasInvocation":false,"args":[],"apiName":"getAddress","converter":"org.appcelerator.kroll.KrollConverter","defaultValueProvider":"org.appcelerator.kroll.KrollConverter","name":"__default_name__","returnType":"java.lang.String"},"getServices":{"runOnUiThread":false,"hasInvocation":false,"args":[],"apiName":"getServices","converter":"org.appcelerator.kroll.KrollConverter","defaultValueProvider":"org.appcelerator.kroll.KrollConverter","name":"__default_name__","returnType":"java.lang.Object[]"},"readValueForCharacteristic":{"runOnUiThread":false,"hasInvocation":false,"args":[{"converter":"org.appcelerator.kroll.KrollConverter","defaultValueProvider":"org.appcelerator.kroll.KrollConverter","name":"characteristic","sourceName":"characteristic","type":"ti.bluetooth.gatt.TiBluetoothCharacteristicProxy"}],"apiName":"readValueForCharacteristic","converter":"org.appcelerator.kroll.KrollConverter","defaultValueProvider":"org.appcelerator.kroll.KrollConverter","name":"__default_name__","returnType":"void"},"discoverServices":{"runOnUiThread":false,"hasInvocation":false,"args":[],"apiName":"discoverServices","converter":"org.appcelerator.kroll.KrollConverter","defaultValueProvider":"org.appcelerator.kroll.KrollConverter","name":"__default_name__","returnType":"void"}},"dynamicProperties":{"address":{"set":false,"nativeConverter":"org.appcelerator.kroll.KrollConverter","getMethodName":"getAddress","converter":"org.appcelerator.kroll.KrollConverter","defaultValueProvider":"org.appcelerator.kroll.KrollConverter","javascriptConverter":"org.appcelerator.kroll.KrollConverter","getHasInvocation":false,"runOnUiThread":false,"getMethodArgs":[],"getReturnType":"java.lang.String","get":true,"name":"address","setHasInvocation":false,"getDefaultProviders":[]},"name":{"set":false,"nativeConverter":"org.appcelerator.kroll.KrollConverter","getMethodName":"getName","converter":"org.appcelerator.kroll.KrollConverter","defaultValueProvider":"org.appcelerator.kroll.KrollConverter","javascriptConverter":"org.appcelerator.kroll.KrollConverter","getHasInvocation":false,"runOnUiThread":false,"getMethodArgs":[],"getReturnType":"java.lang.String","get":true,"name":"name","setHasInvocation":false,"getDefaultProviders":[]},"services":{"set":false,"nativeConverter":"org.appcelerator.kroll.KrollConverter","getMethodName":"getServices","converter":"org.appcelerator.kroll.KrollConverter","defaultValueProvider":"org.appcelerator.kroll.KrollConverter","javascriptConverter":"org.appcelerator.kroll.KrollConverter","getHasInvocation":false,"runOnUiThread":false,"getMethodArgs":[],"getReturnType":"java.lang.Object[]","get":true,"name":"services","setHasInvocation":false,"getDefaultProviders":[]},"uuids":{"set":false,"nativeConverter":"org.appcelerator.kroll.KrollConverter","getMethodName":"getUuids","converter":"org.appcelerator.kroll.KrollConverter","defaultValueProvider":"org.appcelerator.kroll.KrollConverter","javascriptConverter":"org.appcelerator.kroll.KrollConverter","getHasInvocation":false,"runOnUiThread":false,"getMethodArgs":[],"getReturnType":"org.appcelerator.kroll.KrollDict","get":true,"name":"uuids","setHasInvocation":false,"getDefaultProviders":[]}},"superProxyBindingClassName":"org.appcelerator.kroll.KrollProxyBindingGen","proxyClassName":"TiBluetoothPeripheralProxy","proxyAttrs":{"propertyAccessors":[],"fullAPIName":"TiBluetooth.TiBluetoothPeripheral","name":"TiBluetoothPeripheral","proxyClassName":"ti.bluetooth.peripheral.TiBluetoothPeripheralProxy","isTopLevel":false,"id":"ti.bluetooth.peripheral.TiBluetoothPeripheralProxy","parentModule":"ti.bluetooth.TiBluetoothModule","creatableInModule":"org.appcelerator.kroll.annotations.Kroll.DEFAULT"},"packageName":"ti.bluetooth.peripheral","sourceName":"ti.bluetooth.peripheral.TiBluetoothPeripheralProxyBindingGen","isTitaniumSdk":false,"superProxyClassName":"KrollProxy","isModule":false,"genClassName":"TiBluetoothPeripheralProxyBindingGen"},"ti.bluetooth.gatt.TiBluetoothServiceProxy":{"superPackageName":"org.appcelerator.kroll","dynamicProperties":{"characteristics":{"set":false,"nativeConverter":"org.appcelerator.kroll.KrollConverter","getMethodName":"getCharacteristics","converter":"org.appcelerator.kroll.KrollConverter","defaultValueProvider":"org.appcelerator.kroll.KrollConverter","javascriptConverter":"org.appcelerator.kroll.KrollConverter","getHasInvocation":false,"runOnUiThread":false,"getMethodArgs":[],"getReturnType":"java.lang.Object[]","get":true,"name":"characteristics","setHasInvocation":false,"getDefaultProviders":[]},"uuid":{"set":false,"nativeConverter":"org.appcelerator.kroll.KrollConverter","getMethodName":"getUuid","converter":"org.appcelerator.kroll.KrollConverter","defaultValueProvider":"org.appcelerator.kroll.KrollConverter","javascriptConverter":"org.appcelerator.kroll.KrollConverter","getHasInvocation":false,"runOnUiThread":false,"getMethodArgs":[],"getReturnType":"java.lang.String","get":true,"name":"uuid","setHasInvocation":false,"getDefaultProviders":[]}},"methods":{"getUuid":{"runOnUiThread":false,"hasInvocation":false,"args":[],"apiName":"getUuid","converter":"org.appcelerator.kroll.KrollConverter","defaultValueProvider":"org.appcelerator.kroll.KrollConverter","name":"__default_name__","returnType":"java.lang.String"},"getCharacteristics":{"runOnUiThread":false,"hasInvocation":false,"args":[],"apiName":"getCharacteristics","converter":"org.appcelerator.kroll.KrollConverter","defaultValueProvider":"org.appcelerator.kroll.KrollConverter","name":"__default_name__","returnType":"java.lang.Object[]"}},"superProxyBindingClassName":"org.appcelerator.kroll.KrollProxyBindingGen","proxyClassName":"TiBluetoothServiceProxy","proxyAttrs":{"propertyAccessors":[],"fullAPIName":"TiBluetooth.TiBluetoothService","name":"TiBluetoothService","proxyClassName":"ti.bluetooth.gatt.TiBluetoothServiceProxy","isTopLevel":false,"id":"ti.bluetooth.gatt.TiBluetoothServiceProxy","parentModule":"ti.bluetooth.TiBluetoothModule","creatableInModule":"org.appcelerator.kroll.annotations.Kroll.DEFAULT"},"packageName":"ti.bluetooth.gatt","sourceName":"ti.bluetooth.gatt.TiBluetoothServiceProxyBindingGen","isTitaniumSdk":false,"superProxyClassName":"KrollProxy","isModule":false,"genClassName":"TiBluetoothServiceProxyBindingGen"},"ti.bluetooth.TiBluetoothModule":{"superPackageName":"org.appcelerator.kroll","methods":{"createCentralManager":{"runOnUiThread":false,"hasInvocation":false,"args":[],"apiName":"createCentralManager","converter":"org.appcelerator.kroll.KrollConverter","defaultValueProvider":"org.appcelerator.kroll.KrollConverter","name":"__default_name__","returnType":"ti.bluetooth.central.TiBluetoothCentralManagerProxy"}},"superProxyBindingClassName":"org.appcelerator.kroll.KrollModuleBindingGen","proxyClassName":"TiBluetoothModule","proxyAttrs":{"propertyAccessors":[],"fullAPIName":"TiBluetooth","name":"TiBluetooth","proxyClassName":"ti.bluetooth.TiBluetoothModule","isTopLevel":false,"id":"ti.bluetooth"},"packageName":"ti.bluetooth","sourceName":"ti.bluetooth.TiBluetoothModuleBindingGen","constants":{"MANAGER_STATE_POWERED_OFF":{"proxyName":"MANAGER_STATE_POWERED_OFF","name":"MANAGER_STATE_POWERED_OFF","type":"int","value":10},"SCAN_MODE_OPPORTUNISTIC":{"proxyName":"SCAN_MODE_OPPORTUNISTIC","name":"SCAN_MODE_OPPORTUNISTIC","type":"int","value":-1},"MANAGER_STATE_POWERED_ON":{"proxyName":"MANAGER_STATE_POWERED_ON","name":"MANAGER_STATE_POWERED_ON","type":"int","value":12},"SCAN_MODE_LOW_POWER":{"proxyName":"SCAN_MODE_LOW_POWER","name":"SCAN_MODE_LOW_POWER","type":"int","value":0},"SCAN_MODE_LOW_LATENCY":{"proxyName":"SCAN_MODE_LOW_LATENCY","name":"SCAN_MODE_LOW_LATENCY","type":"int","value":2},"SCAN_MODE_BALANCED":{"proxyName":"SCAN_MODE_BALANCED","name":"SCAN_MODE_BALANCED","type":"int","value":1},"CHARACTERISTIC_PROPERTY_WRITE_WITH_RESPONSE":{"proxyName":"CHARACTERISTIC_PROPERTY_WRITE_WITH_RESPONSE","name":"CHARACTERISTIC_PROPERTY_WRITE_WITH_RESPONSE","type":"int","value":2},"CHARACTERISTIC_PROPERTY_WRITE_WITHOUT_RESPONSE":{"proxyName":"CHARACTERISTIC_PROPERTY_WRITE_WITHOUT_RESPONSE","name":"CHARACTERISTIC_PROPERTY_WRITE_WITHOUT_RESPONSE","type":"int","value":1}},"isTitaniumSdk":false,"superProxyClassName":"KrollModule","isModule":true,"genClassName":"TiBluetoothModuleBindingGen"},"ti.bluetooth.gatt.TiBluetoothCharacteristicProxy":{"superPackageName":"org.appcelerator.kroll","dynamicProperties":{"characteristicProperties":{"set":false,"nativeConverter":"org.appcelerator.kroll.KrollConverter","getMethodName":"getCharacteristicProperties","converter":"org.appcelerator.kroll.KrollConverter","defaultValueProvider":"org.appcelerator.kroll.KrollConverter","javascriptConverter":"org.appcelerator.kroll.KrollConverter","getHasInvocation":false,"runOnUiThread":false,"getMethodArgs":[],"getReturnType":"int","get":true,"name":"characteristicProperties","setHasInvocation":false,"getDefaultProviders":[]},"permissions":{"set":false,"nativeConverter":"org.appcelerator.kroll.KrollConverter","getMethodName":"getPermissions","converter":"org.appcelerator.kroll.KrollConverter","defaultValueProvider":"org.appcelerator.kroll.KrollConverter","javascriptConverter":"org.appcelerator.kroll.KrollConverter","getHasInvocation":false,"runOnUiThread":false,"getMethodArgs":[],"getReturnType":"int","get":true,"name":"permissions","setHasInvocation":false,"getDefaultProviders":[]},"uuid":{"set":false,"nativeConverter":"org.appcelerator.kroll.KrollConverter","getMethodName":"getUuid","converter":"org.appcelerator.kroll.KrollConverter","defaultValueProvider":"org.appcelerator.kroll.KrollConverter","javascriptConverter":"org.appcelerator.kroll.KrollConverter","getHasInvocation":false,"runOnUiThread":false,"getMethodArgs":[],"getReturnType":"java.lang.String","get":true,"name":"uuid","setHasInvocation":false,"getDefaultProviders":[]},"value":{"set":false,"nativeConverter":"org.appcelerator.kroll.KrollConverter","getMethodName":"getValue","converter":"org.appcelerator.kroll.KrollConverter","defaultValueProvider":"org.appcelerator.kroll.KrollConverter","javascriptConverter":"org.appcelerator.kroll.KrollConverter","getHasInvocation":false,"runOnUiThread":false,"getMethodArgs":[],"getReturnType":"org.appcelerator.titanium.TiBlob","get":true,"name":"value","setHasInvocation":false,"getDefaultProviders":[]}},"superProxyBindingClassName":"org.appcelerator.kroll.KrollProxyBindingGen","proxyClassName":"TiBluetoothCharacteristicProxy","proxyAttrs":{"propertyAccessors":[],"fullAPIName":"TiBluetooth.TiBluetoothCharacteristic","name":"TiBluetoothCharacteristic","proxyClassName":"ti.bluetooth.gatt.TiBluetoothCharacteristicProxy","isTopLevel":false,"id":"ti.bluetooth.gatt.TiBluetoothCharacteristicProxy","parentModule":"ti.bluetooth.TiBluetoothModule","creatableInModule":"org.appcelerator.kroll.annotations.Kroll.DEFAULT"},"packageName":"ti.bluetooth.gatt","sourceName":"ti.bluetooth.gatt.TiBluetoothCharacteristicProxyBindingGen","isTitaniumSdk":false,"superProxyClassName":"KrollProxy","isModule":false,"genClassName":"TiBluetoothCharacteristicProxyBindingGen"}},"modules":{"ti.bluetooth.TiBluetoothModule":{"apiName":"TiBluetooth"}}}